num,url
1,https://itho.io
2,https://korytko.design
3,https://www.jorgebarragan.net
4,https://cb4.com
5,https://blueyandscoot.com.au
6,https://www.tophatclassics.com
7,https://meliusconsulting.com.au
8,https://www.shiraleffel.com
9,https://www.londonyouthgames.org
10,https://www.australiancosmeticinstitute.com.au
11,https://graycoatings.com
12,https://kbenterprise.in
13,https://www.covidphotodiaries.org/
14,https://r11.solutions
15,https://www.vitalhat.com
16,https://jwmountaineering.com/
17,https://rockscape.ca
18,https://wint.ai
19,https://vstavridis.gr/
20,https://www.theperfectloaf.com/
21,https://onebeat.studio
22,https://dd-design.de
23,https://www.mrlenses.com
24,https://www.soliddigital.com
25,https://festivart.gr/en/
26,http://www.childrenandwar.org
27,https://www.epicongroup.com
28,https://steelboxco.com/
29,https://dartingbasketball.com
30,https://thefoxesphotography.com
31,https://www.lechrudnicki.com
32,https://bringingweb.com
33,http://theverahotel.com
34,https://chikitchen.com/
35,https://www.neoncollective.one/
36,https://www.dizajnar.com/en/home/
37,https://www.inspire-shoots.com
38,https://www.thewisetravellers.com/
39,https://freehorseworkwear.com
40,https://www.ofias.dk
41,https://phroommagazine.com/
42,https://mars.idolaish.com
43,https://naturtintusa.com/
44,https://itho.io
45,https://korytko.design
46,https://www.jorgebarragan.net
47,https://cb4.com
48,https://blueyandscoot.com.au
49,https://www.tophatclassics.com
50,https://meliusconsulting.com.au
51,https://www.shiraleffel.com
52,https://www.londonyouthgames.org
53,https://www.australiancosmeticinstitute.com.au
54,https://graycoatings.com
55,https://kbenterprise.in
56,https://www.covidphotodiaries.org/
57,https://r11.solutions
58,https://www.vitalhat.com
59,https://jwmountaineering.com/
60,https://rockscape.ca
61,https://wint.ai
62,https://vstavridis.gr/
63,https://www.theperfectloaf.com/
64,https://onebeat.studio
65,https://dd-design.de
66,https://www.mrlenses.com
67,https://www.soliddigital.com
68,https://festivart.gr/en/
69,http://www.childrenandwar.org
70,https://www.epicongroup.com
71,https://steelboxco.com/
72,https://dartingbasketball.com
73,https://thefoxesphotography.com
74,https://www.lechrudnicki.com
75,https://bringingweb.com
76,http://theverahotel.com
77,https://chikitchen.com/
78,https://www.neoncollective.one/
79,https://www.dizajnar.com/en/home/
80,https://www.inspire-shoots.com
81,https://www.thewisetravellers.com/
82,https://freehorseworkwear.com
83,https://www.ofias.dk
84,https://phroommagazine.com/
85,https://mars.idolaish.com
86,https://naturtintusa.com/