num,url
https://www.wunderwuzzi.at
https://www.kuumbwajazz.org/
https://www.somoswir.com/
https://broilkingbbq.com/
https://www.baconscouts.com/
https://www.torgesonelectric.com/
https://www.childrenandwar.org/
https://ikbenonbetaalbaar.nl/
https://old-mill.com/
https://grmfamilylaw.com/
https://dukerichards.com/
https://kids-magazine-news.cricketmedia.com/
https://www.coloradosbdc.org/
https://www.smartchameleon.top/
https://hijabprintingbandung.com/
https://bakerroofing.com/
https://www.cheribustos.com/
https://naturtintusa.com/
https://winningwp.com/ref/astra-wordpress-theme/
https://thefoxesphotography.com/
https://www.easythemepacks.com/
https://www.australiancosmeticinstitute.com.au/
https://kbsci.com/
https://www.nosleeplessnights.com/
https://www.bertuccis.com/
https://www.floridacollege.edu/
https://www.danaosbornedesign.com/
https://dartingbasketball.com
https://www.southhillpark.org.uk/
https://bloggingx.com/
https://www.neoncollective.one
https://korytko.design
https://www.jorgebarragan.net
https://itho.io
https://korytko.design
https://www.jorgebarragan.net
https://cb4.com
https://blueyandscoot.com.au
https://www.tophatclassics.com
https://meliusconsulting.com.au
https://www.shiraleffel.com
https://www.londonyouthgames.org
https://www.australiancosmeticinstitute.com.au
https://graycoatings.com
https://kbenterprise.in
https://www.covidphotodiaries.org/
https://r11.solutions
https://www.vitalhat.com
https://jwmountaineering.com/
https://rockscape.ca
https://wint.ai
https://vstavridis.gr/
https://www.theperfectloaf.com/
https://onebeat.studio
https://dd-design.de
https://www.mrlenses.com
https://www.soliddigital.com
https://festivart.gr/en/
http://www.childrenandwar.org
https://www.epicongroup.com
https://steelboxco.com/
https://dartingbasketball.com
https://thefoxesphotography.com
https://www.lechrudnicki.com
https://bringingweb.com
http://theverahotel.com
https://chikitchen.com/
https://www.neoncollective.one/
https://www.dizajnar.com/en/home/
https://www.inspire-shoots.com
https://www.thewisetravellers.com/
https://freehorseworkwear.com
https://www.ofias.dk
https://phroommagazine.com/
https://mars.idolaish.com
https://naturtintusa.com/
http://artmasterjo.com
https://www.aprimoredecor.com.br
https://hearttomarket.com
https://progreso.com.sg
https://www.connectcue.com
https://www.webtimiser.de
https://refrescandonegocios.com
https://hopefoods.com
http://ema-locksmith.com
https://quarteldesign.com
http://woodennickelsportsbar.com
https://la-solargroup.com
https://northhillschurch.com
https://splhelmet.com
http://www.strategycom.eu
https://kikolani.com
https://www.100chickens.tv/
https://fairytalela.com/
https://healthhub.anytimefitness.com.au/
https://www.edglossary.org/
https://moreniche.com/
https://thedarkroom.com/
http://www.bankplusrecruitmentandtraining.co.uk/
https://www.amritapuri.org/
https://buona.com/
https://www.canadiansolar.com/
https://www.fretwellbennett.com/
https://www.mysticseaport.org/
https://landnav.com/
https://www.seewritehear.com/
https://fenixmarsolutions.com/
https://investinmiami.com/
https://www.australianlendingcentre.com.au/
https://www.embs.org/
https://wperrymd.com/
https://www.outsourceschool.com/
https://adammclane.com/
https://www.abexengineering.com/
https://infinitefbamastermind.com/
https://avp.org/
https://acltv.com/
https://firststepsforspeakers.com/
https://artistprpro.com/
https://blog.activityhero.com/